index,id,url,Category
26159,openstack%2Ftempest~master~I5711edfd563d55a86238291edc127c0a062dbbf3,https://review.opendev.org/82709,"Quality
Integration
Objective"
491693,openstack%2Fos-win~master~Ia937399c999d7293799a864a322323e3d2efc123,https://review.opendev.org/224372,"Integration
Quality
Objective"
72649,openstack%2Fswift~master~I0210a99b7f0774180937b6f8f435505b6ee151a8,https://review.opendev.org/560701,"Testing
Quality
Objective"
601825,openstack%2Fkeystonemiddleware~master~Ibc657bba234f480f0b4a051819768f413b7cafc5,https://review.opendev.org/122281,"Objective
Refactoring
Integration
Testing
Quality"
115264,openstack%2Fneutron~master~I5d94cc7bf4e7f80187a06bc5ba75079e876ef5ce,https://review.opendev.org/319957,"Testing
Integration
Quality"
93334,openstack%2Fswift~master~I09779a3b6187e1c00d30651c14c2dde69edf0ec7,https://review.opendev.org/451896,"Refactoring
Testing"
33650,openstack%2Fswift~master~Ib88ee8f3aa9d1915eb115b6d4982bd8c4270db60,https://review.opendev.org/51242,"Testing
Quality"
13137,openstack%2Fneutron~master~I1b043b36c313ee8e543973bbeb992b319a003bbe,https://review.opendev.org/142973,"Integration
Testing"
38039,openstack%2Fglance~master~I9086b474facbd2400341bcef6eccceac01174db1,https://review.opendev.org/36666,"Quality
Testing"
105765,openstack%2Fhorizon~master~Ide93dced9fdd11ed20cdc0713c6a150aeebaa236,https://review.opendev.org/372312,"Quality
Refactoring"
253080,openstack%2Ftripleo-ui~master~Idde3e1e44b53684a8880768c55777df54ad8b66a,https://review.opendev.org/509778,Integration
96673,x%2Fpython-oneviewclient~master~I9ae6f076c63a97d549dfc35efd6f8e26311b0590,https://review.opendev.org/431707,"Integration
Refactoring"
745076,openstack%2Fadjutant~master~Idc5c3bf3facc44bb615fa4006d417d6f48a16ddc,https://review.opendev.org/681643,"Integration
Quality
Objective"
165792,openstack%2Fopenstack-ansible-openstack_hosts~master~I123f02ea6804a0dbf3b9d5d576e1f3756d3b9a12,https://review.opendev.org/615335,Testing
75107,openstack%2Fzun~master~I8c20b314ea8be06384f67f7ae35ece5df26510df,https://review.opendev.org/549401,Integration
746437,openstack%2Fcinder~master~Ic57c1562617da849ada82cefb0acb30f07eee690,https://review.opendev.org/679594,Integration
109337,openstack%2Ftrove~master~I5277c107ae95b16d3fc555dbdbb4c167c8836fc8,https://review.opendev.org/349713,"Testing
Quality
Objective
Integration"
434956,openstack%2Fcinder~master~I5c453dcb5c38301721c3017ba8e782c0fdf850e6,https://review.opendev.org/286598,"Integration
Quality (decorator)
Testing
Objective"
53551,openstack%2Fmagnum~master~Ie3e863440d73414224bb7dbb1ab05a5bcf0b74b1,https://review.opendev.org/666722,"Integration
Testing
Objective"
170665,openstack%2Fcinder~master~Ic9e14429f1f5958725ab661b7d6639fc1ffae84a,https://review.opendev.org/611791,"Quality
Integration"
13524,openstack%2Fnova~master~I1b099c685dbc45f2ae172b3c34d412cd9dcde4b6,https://review.opendev.org/142706,"Refactoring
Testing
Integration"
357655,openstack%2Fcinder~master~I208d291cd2e8ad7cdc2b62165eb1ac41292b8272,https://review.opendev.org/374520,"Objective
Integration
Quality"
177049,openstack%2Foctavia~master~I0eaae7b60333d2e720acc9570a0d398a06be46e5,https://review.opendev.org/604479,Integration
757785,openstack%2Fmanila~master~I6f7483c35ac0af644a77b18a449480367a8c100c,https://review.opendev.org/664269,"Integration
Objective
Testing
Quality"
259985,x%2Fos-log-merger~master~I264cf20933e8af007556efd7a36639f854460f49,https://review.opendev.org/505738,Refactoring
19755,openstack%2Fnova~master~I8165819f6568c35192d27726ca5433f6940bafe2,https://review.opendev.org/118677,"Integration
Quality
Testing"
699788,openstack%2Fcyborg~master~I783c3d0d257c16bf6c92c118f7b16f7f180f7026,https://review.opendev.org/696089,Testing
546503,openstack%2Frally~master~Ie40373fda63ef79f64a211887021ce0e0e8d9d24,https://review.opendev.org/172967,"Testing
Integration
Quality
Objective"
510472,zuul%2Fzuul~master~Ia935776ae8ccfa8d044a134e1507e4d2e582fbe0,https://review.opendev.org/710034,Testing
649424,openstack%2Fpython-openstackclient~master~I4ced6df4b76f018d01000d28b4281ad9f252ffcc,https://review.opendev.org/69878,"Mangement
Integration
Quality"
549893,openstack%2Fdesignate~master~I8d67cebeecc8261e715849aefeafd20f0d60d304,https://review.opendev.org/170612,"Integration
Objective
Testing
Quality"
448043,openstack%2Fopenstack-ansible-pip_install~master~Ic6583c54976b6fb083d9c67d055897c15bce05dc,https://review.opendev.org/274407,"Integration
Quality"
134921,openstack%2Ffuel-web~master~I4b7bae185e8b873ef32b397cde4b7f640ffed24c,https://review.opendev.org/237641,"Integration
Quality"
554646,openstack%2Foctavia~master~I04cb2f1f10ec566298834f81df0cf8b100ca916c,https://review.opendev.org/705317,"Integration
Quality
Objective"
137373,openstack%2Fkeystonemiddleware~master~I6b935fa3234500b5b4a7865b26f21e7eb976b716,https://review.opendev.org/223291,"Refactoring (behavior)
Quality
Integration
Testing"
413751,openstack%2Fceilometer~master~I8604d00c9298f56009c579fd23adc2c93ad44f8c,https://review.opendev.org/311081,Integration
618029,openstack%2Fnova~master~Ic281d7548dfe6b2f65290f687ea0ca694db1a4d0,https://review.opendev.org/107177,"Objective
Integration
Testing"
135262,openstack%2Ffuel-library~master~I137d625fca65d520a2dd6159d8fc572b142d9d63,https://review.opendev.org/235809,"Testing
Integration"
381078,openstack%2Fneutron~master~Ie8c6023b2d012eae7ecdb99d5d413956608f4294,https://review.opendev.org/345592,"Integration
Testing"
302950,openstack%2Fhorizon~master~Id42b311242b66ee25e8870ed86e45b5464e19c01,https://review.opendev.org/451620,"Integration
Quality"
61856,x%2Fiotronic-lightning-rod~master~I3f341148294230af9d1e1943c5186fec1c7b18db,https://review.opendev.org/623030,Refactoring
49419,openstack%2Fneutron~master~I1556b555547add000fda9548f0fd62278bc27d9b,https://review.opendev.org/764429,"Integration
Testing"
463355,openstack%2Fnova~master~Ibd0542c86f573a397bbbe658fb4c5723f964ded9,https://review.opendev.org/260980,"Integration
Testing"
11065,openstack%2Fcongress~master~I1c34c71f33dc5586aefa1244ecee741f0b866474,https://review.opendev.org/153161,"Integration 
Testing"
240291,recordsansible%2Fansible-role-ara~master~I25c92b2b38125826087957fb8ce9320641cf86f0,https://review.opendev.org/526786,Refactoring
24515,openstack%2Ffuel-web~master~I0156f113f630c89891cd6c06ce1d32ee594a08fa,https://review.opendev.org/95456,Integration
320545,openstack%2Fdragonflow~master~Ia52f3e49b077090fb6d6264628a10bc4af93c664,https://review.opendev.org/428056,"Integration
Quality"
334403,openstack%2Fneutron~master~I5b804e09e630d88d551271d9731cc1f65c065259,https://review.opendev.org/409556,"Integration
Testing
Objective"
56135,airship%2Fshipyard~master~I13b5775f6f770c4de6a65cfad36409f8554afb7b,https://review.opendev.org/656578,"Objective
Quality
Testing
Integration"
117988,openstack%2Fcinder~master~I7de0e435e4bc5ef040d1209762b816c61330c76e,https://review.opendev.org/315541,"Integration
Quality"
111827,openstack%2Fnova~master~Ie6cb71ccd138ab7b5e1f535de92f4231cdb2b59b,https://review.opendev.org/344990,"Integration
Testing
Quality
Objective"
286042,openstack%2Fironic-inspector~master~If83db978080b9c4e5d51ba50bbe8ed26e29abe83,https://review.opendev.org/471831,Integration
120599,openstack%2Fhorizon~master~I375652a697f68e1f575546f3c0381bd71dd3dd15,https://review.opendev.org/304999,Integration
38455,openstack%2Fglance~master~If4bcbe5aa0749fc8abc41e218c001dc5b188b816,https://review.opendev.org/37438,"Quality
Testing"
132941,openstack%2Ffuel-web~master~I01d8218e071723e00a14450c738f93e9b4d6cf91,https://review.opendev.org/247356,Integration
101432,openstack%2Fdevstack-plugin-kafka~master~I8492889b991cef9ed86f439ac23cea9b67767d34,https://review.opendev.org/405133,Refactoring
131194,openstack%2Fcinder~master~I5cab11a2b2d272503b8a57793dd86477e787eedb,https://review.opendev.org/255239,"Quality
Integration
Testing
Objective"
421004,opendev%2Fgit-review~master~I554b4aa4f07fe4230c11d3ae62a77acbd66e7d84,https://review.opendev.org/308476,"Integration
Testing"
383927,openstack%2Fneutron~master~I8bae1facc58a4f9e21196f625478532403651545,https://review.opendev.org/346162,"Integration
Testing"
128432,openstack%2Ftripleo-common~master~I181f6173f8ba45e91b8d6c1a013d5e7bc67e3aaf,https://review.opendev.org/267144,Integration
23518,openstack%2Fcinder-specs~master~I20e441ac95cd466ddedb703496beb66fc43f4e70,https://review.opendev.org/103530,"Testing
Objective
Integration"
274940,zuul%2Fnodepool~feature%2Fzuulv3~I20319aa660ebf5fbe8df5d6af1d77028e1b18350,https://review.opendev.org/488384,Integration
491986,openstack%2Ffuel-library~master~Ic4bcecdbc05f6306be63dea211df96a104cb2d36,https://review.opendev.org/233365,"Integration
Testing"
533155,opendev%2Fpuppet-kibana~master~I93a4b0f103b4259f356e93fe025e0a649c79b75b,https://review.opendev.org/188906,Integration
18113,openstack%2Ffuel-library~master~I0e623f4576d57a5c2c2d28509346a597cd7d97e2,https://review.opendev.org/126364,Integration
19583,openstack%2Fneutron~master~I64ba630997841b2dddc4535fdd464bc15dd38b77,https://review.opendev.org/122560,"Testing
Integration
Quality
Objective (alternative)"
353903,openstack%2Fglance~master~I094ee44ef86f7e7eb2353f801d5aef77391c95ff,https://review.opendev.org/387660,"Integration
Quality"
557705,openstack%2Fironic~master~Ie96c02709200bd50f56458079e27b1f1daa60081,https://review.opendev.org/166513,"Integration
Testing
Objective
Refactoring"
23517,openstack%2Fcinder-specs~master~I029313cde65c0700cf714278fcbb99d64da69fc7,https://review.opendev.org/104478,"Objective
Refactoring"
132971,openstack%2Ffuel-library~master~Ide1068ca0c8bab0beb2750f0a5151855d6ae5f9d,https://review.opendev.org/249681,Integration
607323,openstack%2Fdevstack-gate~master~I84d2fd66265c8e2e77faf16ce03e92790f2f51b8,https://review.opendev.org/123578,"Refactoring (behavior)
Quality
Integration
Testing"
109557,openstack%2Fneutron-lib~master~I37444e4768d4e932e17cbdd5204307814f26697d,https://review.opendev.org/357048,"Integration
Quality
Objective
Management"
123335,opendev%2Fpuppet-storyboard~master~Ic09a88b3e9c6b77bebf40fe296755cf9abe0cb9c,https://review.opendev.org/295372,"Objective
Quality
Integration"
404521,openstack%2Fnova~stable%2Fmitaka~I96e8e0682bcc642a2a5c4b7d2851812bef60d2ff,https://review.opendev.org/322681,"Objective
Integration
Testing"
13933,openstack%2Fpuppet-keystone~master~I5c082c7e374d53226e312d83a97afb318b481cc7,https://review.opendev.org/144537,"Integration
Testing"
96103,openstack%2Fnova~master~Ic52103a1ff30710cf2f7ab732935c0c741220494,https://review.opendev.org/446122,"Integration
Testing"
66784,x%2Ftobiko~master~Ife0739127d407b39fa8124af4f851d5e9f2bc356,https://review.opendev.org/600047,"Integration
Testing
Quality"
22603,openstack%2Ftempest~master~I8be2f4bec5eb4cdf0efcbbd26ce090501b8e8c30,https://review.opendev.org/106916,"Testing
Objective
Integration"
108628,openstack%2Ffuel-library~master~I402882a843e904ecc78ef8b010374431d5e5d90e,https://review.opendev.org/366943,Integration
383915,openstack%2Fneutron~master~I4ae842c6cfd62edad9a1d435ffad6bec760a2809,https://review.opendev.org/348513,Integration
128122,openstack%2Fnova~master~I444c596efdf926c62b64fdfddaee4791ad267434,https://review.opendev.org/271458,"Integration
Testing"
369473,x%2Fbrowbeat~master~Icf7208f230cbe727d525b6cb090e82c4f19d6985,https://review.opendev.org/370362,"Quality (documentation)
Integration
Testing"
24725,opendev%2Fyaml2ical~master~I99a70736574f20634e25ed0600be7d0ef990e7fb,https://review.opendev.org/97038,"Testing
Integration"
661760,opendev%2Fpypi-mirror~master~Ia0fe43e1f44704d5d93235ceadfcf74d00aa190b,https://review.opendev.org/59961,Inregration
98188,openstack%2Fceilometer~master~I5bd4cac7294d62621e32c20f1581b2a4a6442af4,https://review.opendev.org/311611,"Testing
Refactoring
Integration"
92664,openstack%2Fneutron-dynamic-routing~master~Id98d3d61f3c1bad65db52a482828714398c03f82,https://review.opendev.org/349921,"Integration
Management (team)
Refactoring (behavior)
Quality
Objective"
96558,openstack%2Fmonasca-agent~master~Ie5cfcab3591ad7690984728162bc1e999219b44a,https://review.opendev.org/323828,"Objective
Integration
Quality"
79416,openstack%2Fnova~master~I7c61f676b96f1f0867d7b1cb1039b439e810b849,https://review.opendev.org/449458,"Integration
Quality
Testing
Refactoring (separate)"
115133,openstack%2Fnetworking-odl~master~I5858eccce96fb73f4386cdd1663a786537fb4e12,https://review.opendev.org/224029,"Integration
Testing"
95930,openstack%2Ffreezer~master~Id5a391afe626973f7adf1499839b677b4bdfe3ef,https://review.opendev.org/331146,Integration
144855,openstack%2Fvitrage~master~I37544a350adf8ca38a6fc4ff5d0fd96e38a3f922,https://review.opendev.org/577388,"Integration
Testing
Objective"
103452,openstack%2Fnova~master~I40ffa8a2484fe8be3aeb077d2393f91e38b868dd,https://review.opendev.org/280165,"Testing
Integration
Refactoring (behavior)
Quality (doc)"
58810,airship%2Fpromenade~master~Ib3640ed24364c4ff3d39961eccfdb40ea47d4c2e,https://review.opendev.org/572349,"Integration
Testing"
8882,openstack%2Ffuel-devops~master~I7692ec8ff9d1b8bb92fc0c260ce42d4007225dc3,https://review.opendev.org/104371,"Integration 
Testing"
587068,openstack%2Fglance~master~I0ae51c64bd24457276ad3d7f9eb73fca7f354e49,https://review.opendev.org/80847,"Integration
Testing (run time)"
427517,openstack%2Fhorizon~master~I46b632dbb6701785e7d654feff336a27d6ecea9c,https://review.opendev.org/678602,"Integration
Testing
Management (team)
Quality
Objective (benefit)"
85187,openstack%2Fcinder~master~Icc9bf6c8b6932f50f5c87012b8eed404b50e8157,https://review.opendev.org/417257,"Quality
Integration"
116081,openstack%2Fheat-dashboard~master~I9a73308890bb6c6622ea12c2bb0eda6997e916b7,https://review.opendev.org/680591,Refactoring
477579,openstack%2Fopenstack-ansible-os_heat~master~I88665890fc2e117d1ed9892b976bba2aa06dd504,https://review.opendev.org/673778,"Integration
Objective (bug)"
66603,openstack%2Fcharm-neutron-api~master~Ic7706216cc14ab11b2f9fd1611baa75dd48b8626,https://review.opendev.org/531359,"Integration
Quality"
101601,openstack%2Fironic~master~Ibb3ed84e13c340a4a0926483e43d59327d80291f,https://review.opendev.org/306358,"Integration
Testing"
,,,
113737,openstack%2Fkeystone~master~I9fb0583c156dd2765a31f71d14c10988722b9537,https://review.opendev.org/248310,"Quality
Testing
Integration"
70500,openstack%2Fproject-config~master~I10ce7a3a3fb012e47b1fe315c03e6b4739f0f944,https://review.opendev.org/515976,Management (forgotten review)
64156,openstack%2Fkeystone~master~I766cc7a8a7ce2ca3c68d6b910445062675f3d7ad,https://review.opendev.org/554327,"Testing
Objective (bug)"
158354,openstack%2Ftempest~master~I45bc7043a513056740ec1beef147422ed9b035a8,https://review.opendev.org/570161,"Quality
Testing
Integration
Objective"
255702,openstack%2Fcinder~master~I5024642f8e3e6cd7d221dc3af367bba55fe56cf5,https://review.opendev.org/446475,"Quality (duplicate)
Integration
Objective
Testing"
66240,openstack%2Fzun~master~I7129a1879098360077c62bcb300d85d8254da17f,https://review.opendev.org/542004,"Integration
Quality (security)"
128262,openstack%2Fnova~master~Id1580348d4c2ff23d750363fa9a03576080c88c0,https://review.opendev.org/192878,"Integration
Testing
Objective
Refactoring (behavior - pure)"
44177,openstack%2Ftempest~master~Ib87da825f05550d625a08aa1fe82bfaa921e80f9,https://review.opendev.org/7069,"Testing
Quality (decorator)
Management (forgotten review)"
51016,openstack%2Fneutron~master~If191289ca380b9c946ae1954f724e37240b0c839,https://review.opendev.org/639605,"Integration
Objective
Testing"
354193,openstack%2Fpython-neutronclient~master~I249dac1c6ae2719979e631de026b12fac7dbf1a2,https://review.opendev.org/298447,"Testing 
Integration"
9797,openstack%2Ffuel-web~master~Ia0e70a2e1aca6f1d734ffb269fc4a9afc1f010fa,https://review.opendev.org/115578,"Testing
Quality (decorator)
Integration"
126219,openstack%2Fhorizon~master~I33c09e3a3ca0b221797cc4afd5d6a96cb8174ab0,https://review.opendev.org/205122,Integration
5313,openstack%2Fnova-specs~master~If98aa01031fcdfa46fd59a511f16175892a9baea,https://review.opendev.org/131413,"Quality (decorator, technical debt)
Integration
Objective
Testing
Management (team)
Refactoring (behavior)
"
487911,openstack%2Frally~master~I3bae09bc6528d5a019e0c42ebf946aafb31abf07,https://review.opendev.org/172831,"Integration
Objective
Management (team)
Testing
Quality
Testing"
71102,openstack%2Fglance-specs~master~I47fb145deafd49b5a5913e2402cebb4e1799454e,https://review.opendev.org/717756,Refactoring
126748,openstack%2Ftripleo-quickstart~master~I75d09aadf50e46a628ac178f87a0a9077bfe1458,https://review.opendev.org/688754,"Integration
Testing"
83926,openstack%2Fkuryr-libnetwork~master~I1f4c524c414e4ee6bfe48b5c03b44b5e65476cae,https://review.opendev.org/450677,"Objective
Testing
Integration"
379497,openstack%2Fdragonflow~master~I404ea69c85e1b4beb733aba58de39349c7abd6ff,https://review.opendev.org/274528,"Quality
Integration"
96631,openstack%2Ffuel-qa~master~I2413370370193b8288beb9851a9306f5c8537d15,https://review.opendev.org/362676,"Testing
Integration"
141716,openstack%2Fnova~master~I959e96d31c9005f56f63221f5cf4174d056258a3,https://review.opendev.org/148275,"Testing
Integration"
7035,openstack%2Fkeystone~master~Ifa4a98570d009be7195c0badd3ce5e201285c1b0,https://review.opendev.org/129009,"Testing
Integration"
241752,openstack%2Fcinder~master~I8e6e964e3694654b8ba93fe432a0dd49fa5e1df0,https://review.opendev.org/472855,"Quality (decorator)
Integration
Testing"
101682,openstack%2Fceilometer~master~Iacc999e7a7e05da520551a673bb82b2be8b56202,https://review.opendev.org/324895,"Testing
Refactoring"
568582,openstack%2Foslo.vmware~master~Ide1bf891be78766e8670f8446792e3dc9c7ec88f,https://review.opendev.org/114503,"Quality
Refactoring (separe)
Integration
Testing"
128872,openstack%2Fnova~master~I800076996e7c3ba5f01f83ba525dd70f69a64a83,https://review.opendev.org/202714,"Integration
Testing"
329377,openstack%2Fmurano~master~Idf979528b9d9df3305ba1994009367061fd4f413,https://review.opendev.org/342912,"Testing
Objective
Quality
Integration"
96084,zuul%2Fzuul~master~I79c08ecb51cf8ae7e6bf8d4521e5e552076ac563,https://review.opendev.org/372292,Integration
474135,openstack%2Fhorizon~master~I34edd7261022f7a0a441e0716be8b84f90e8cde9,https://review.opendev.org/190077,"Integration
Testing
Quality"
14647,openstack%2Ffuel-main~master~I20ef911378bd3e42a16a27f028c8a14d5a750aeb,https://review.opendev.org/102752,Integration
226082,openstack%2Fheat~master~Ibc41e0387a3056b3fde7b7690bf924e7493a7a7e,https://review.opendev.org/502961,"Testing
Quality
Objective
Integration
Refactoring (behavior)"
128119,openstack%2Fnova~master~I525dc6f8df236f66b9d81c1510a8822214335526,https://review.opendev.org/209904,"Testing
Integration
Quality"
126178,openstack%2Fhorizon~master~I758c7a52b7e5fde7d83c6090e6694ab0af5ad5d2,https://review.opendev.org/216645,Integration
19304,openstack%2Ffuel-web~master~Id690021697d16bf320d844f0d318293d1d1b3731,https://review.opendev.org/86477,"Integration
Testing"
104075,openstack%2Ftacker~master~I7f538a900550d44efda3b7ea7c1be6132957e866,https://review.opendev.org/317749,"Testing
Integration"
100993,openstack%2Fos-win~master~I008ec5c4149ecc427eaa6f7953b6e4ef441a6222,https://review.opendev.org/338410,Integration
128115,openstack%2Fnova~master~I2a3bac456d2678eda440b66b30e2e1865991d1b3,https://review.opendev.org/211307,"Integration
Testing"
100992,openstack%2Fcompute-hyperv~master~Ib3331deaf43006789ed5832e51facd22f3163ef5,https://review.opendev.org/339746,Integration
51925,openstack%2Fkolla-ansible~master~Ifc3fc4103ff643a4e72104f89bb0ce791c239f71,https://review.opendev.org/642296,"Quality
Integration"
138310,openstack%2Fhorizon~master~Idccccf55a6d16d9d5e3b9a584fea5b26efd7a041,https://review.opendev.org/173027,"Quality
Integration
Testing"
90329,openstack%2Fmagnum~master~I7d4d230a36e62ece6f35d11f3c4f1ca779f1a9bc,https://review.opendev.org/419837,Integration
606016,openstack%2Fkeystone~master~I1c4e59e253b1816ccfb4d5bf1d2aa40b49221b4f,https://review.opendev.org/62275,"Integration
Testing"
5304,openstack%2Fnova-specs~master~I32aee20c0bab86242a74ee01f81921a77683565b,https://review.opendev.org/141129,"Quality (Technical Debt)
Integration
Objective
Refactoring (operation)
Management (team)
Testing (regression)"
19723,openstack%2Fnova~master~I5a12324e3e20def222842545f8b0fb488a363b4c,https://review.opendev.org/89634,"Testing
Integration
Refactoring (behavior)"
13090,openstack%2Fneutron~master~Ic77ade6b1d1be9af2f3503cc17e869f0e2493e26,https://review.opendev.org/115151,"Integration
Testing
Quality"
4096,openstack%2Fnova~master~Id63fc2c5637424a778514ff40911193dd7a0cd1d,https://review.opendev.org/144875,"Integration
Testing"
398470,openstack%2Fnova~master~Ic39d60327a1296e8c8532a4b3330a410a8527e25,https://review.opendev.org/268800,"Integration
Testing"
87177,openstack%2Ftripleo-ui~master~Iadb3b4ec16a703bd481c2ca3261f95e6e36e9be2,https://review.opendev.org/441891,"Integration
Objective"
22382,openstack%2Fnova~master~I7c2d42daff3ec939e5ae90e13dc753f403afb6fd,https://review.opendev.org/74844,"Integration
Testing"
61299,opendev%2Fsandbox~master~I3d3a52ce3bded2559648fdf85359e94b6526d3c6,https://review.opendev.org/591205,Refactoring
93553,openstack%2Fopenstack-ansible~master~Idb518f7e6aff1b60f1b9cdf567f42e422c7ead4b,https://review.opendev.org/403915,"Integration
Testing
Quality (duplicate)
Objective
Refactoring (mix)
Management (team)"
11316,openstack%2Fpython-zaqarclient~master~Ib60f0e42f0640d84564255fe7508c669a78720f5,https://review.opendev.org/123041,"Quality (duplicate)
Integration"
19887,x%2Fpython-tuskarclient~master~I6fdf7496dc0e049e3b5e5ebef42952c630f261b9,https://review.opendev.org/72892,"Integration
Objective"
78649,openstack%2Ftempest~master~Ie7c7d74e1989b568284a38f1dac83579386c3a79,https://review.opendev.org/498813,"Integration
Testing"
137290,openstack%2Fglance~master~Ifedf53fa0f7302c68acb8b1661779559e2be0d78,https://review.opendev.org/182631,"Objective
Integration"
76557,openstack%2Fpuppet-murano~master~I00002af38265b5791cab95cd91f1ac157cd3d61a,https://review.opendev.org/510184,"Integration 
Testing"
100343,opendev%2Fpuppet-gerritbot~master~I5a8cd48c13a9a750d0b5a301a3c7202c97ca9f22,https://review.opendev.org/355588,Integration
268964,openstack%2Fheat~master~I50ddba4c8da3c6ec8b34ebb4768017cb1a446f5f,https://review.opendev.org/459595,Integration
120311,openstack%2Fironic~master~I7938f26015d953efdf720774b5ad2cee4068ac90,https://review.opendev.org/256364,"Integration
Quality (doc)
Objective
Testing"
342245,openstack%2Fcompute-hyperv~master~Ia33031395ee25e348339f1e756ef395d3f63e33c,https://review.opendev.org/340903,"Integration
Refactoring (behavior)
Objective
Quality
Test (regression)"
5886,openstack%2Fhorizon~master~I5d2272a0abb521ddb9b1df215d45655a9049d0e0,https://review.opendev.org/142839,"Testing
Integration
Quality"
54161,openstack%2Fkolla-ansible~master~I58ea0c240ebd1a0e726ca5598220aa11ace6660f,https://review.opendev.org/636033,"Quaity
Intergration
Testing"
163499,jjb%2Fjenkins-job-builder~master~I35ce23b307970bbd05380d669efabcb68f6f4980,https://review.opendev.org/585131,Integration
162944,openstack%2Fcinder~master~I1a756101dbca583584de4c478c612009fa9f4596,https://review.opendev.org/586239,"Integration
Testing
Objective"
138614,openstack%2Fnova~master~I82a100cddf1a745bde457b17102682bd42e4608b,https://review.opendev.org/180869,"Testing
Integration
Objective"
81154,openstack%2Ftacker~master~Ib5cd2b3e137dd59b0133a5dcf800bc65ac782833,https://review.opendev.org/482753,"Integration
Objective"
102537,openstack%2Ffuel-main~stable%2F6.0~Iadfb0be016717ade019b75d1e7e0f2466a3356f9,https://review.opendev.org/341392,Refactoring
115152,openstack%2Fneutron~master~I33ffc84bda37def1f794ad85284ec67be9007084,https://review.opendev.org/278417,"Integration
Testing"
130956,opendev%2Fglean~master~I3936f1ff2cfc49586796685f03ea07a8059763bb,https://review.opendev.org/211032,Integration
86916,x%2Fstackalytics~master~I3cc1bf1189d9a8d030321bdfdda02a4614c7e314,https://review.opendev.org/452209,Integration
347775,jjb%2Fjenkins-job-builder~master~I89809e8082469f814f245db4a9ab7658aac8a405,https://review.opendev.org/336090,"Testing
Quality
Integration"
134005,openstack%2Fhorizon~master~I688f48eddcb8f22a240a94913e8879cb1332c388,https://review.opendev.org/199063,"Quality
Testing
Integration"
7034,openstack%2Fkeystone~master~I885bc439d69e7561fddbdedcc01ec591dc68597f,https://review.opendev.org/141969,"Integration
Objective"
82270,airship%2Fairshipctl~master~I9edfede81289c3eba1756fd830604739ae2652b4,https://review.opendev.org/725937,"Integration
Quality"
112862,openstack%2Fnova~master~I5ea03297987def028c93c140dbd2393c54466424,https://review.opendev.org/293553,"Quality
Testing
Integration"
116403,openstack%2Ffuel-library~stable%2F7.0~Ib4aea37ed7be05a4d8654d8ef08dc9405bd649d1,https://review.opendev.org/276356,Integration
8915,openstack%2Ffuel-library~stable%2F5.1~Ifbbf40b0b4551990df22cee4c83cd68a738730d0,https://review.opendev.org/135611,Integration
104894,zuul%2Fzuul-jobs~master~Ia9b449f525b2ea9677c3f3e186f4d6abea46ddcf,https://review.opendev.org/706254,"Refactoring
Integration
Testing"
123894,openstack%2Fnova~master~I04350c8b46563195629b5defc30fea2876b2131a,https://review.opendev.org/245153,"Integration
Testing 
Objective"
24379,openstack%2Fnova~master~Ic052b46fd0c3c926b7e4916405b903f366b4bfc4,https://review.opendev.org/71701,"Testing
Integration
Quality (decorator)
Objective"
55160,openstack%2Fheat-agents~master~I5bab85beb1f0e3ba32f425ac0205278c42d9b799,https://review.opendev.org/634563,"Testing
Quality
Integration"
311222,opendev%2Fgit-review~master~I6007259686fc15ae21ae6843faa4ff7ad545cef1,https://review.opendev.org/398353,"Refactoring (behavior)
Quality
Testing"
386011,openstack%2Frally~master~I80ac8942eec123e734bf465133397408be5ba88e,https://review.opendev.org/297020,"Integration
Quality (decorator)
Objective"
457607,openstack%2Fneutron-specs~master~I3af200ad84483e6e1fe619d516ff20bc87041f7c,https://review.opendev.org/225995,"Quality
Objective
Testing
Integration"
337059,openstack%2Fneutron~master~I4c318c92b4ad70c1653b0d26ac171a1216a590f1,https://review.opendev.org/355284,"Integration
Testing"
342948,openstack%2Fcinder~master~Id0e2d2ef4a873e86e514d5784a957ea4f593a027,https://review.opendev.org/347100,"Testing
Integration
Quality
Objective
Refactoring (separate)"
11563,openstack%2Fnova-specs~master~Icf6f1358abe21f1414507cd7a4dd4b05bce7afc5,https://review.opendev.org/127827,"Quality
Objective
Testing
Management (discussion)"
113795,openstack%2Fhorizon~master~I273255bf15217fae28e2f391a9bbd625ea24cbb2,https://review.opendev.org/294572,"Integration
Objective"
260599,openstack%2Fswift~master~I4a65f50828b4e90ff6be2c3b343b295e442cc59e,https://review.opendev.org/729091,"Integration 
Testing"
308751,openstack%2Fpython-barbicanclient~master~Ib91e7049de007f4d4254abcd4c125b4dc7e03c55,https://review.opendev.org/403604,"Quality
Testing
Integration
Refactoring (domain)"
12506,openstack%2Fglance-specs~master~I11fc3a89df24b1fa6bb7047ad918f2430334e24c,https://review.opendev.org/126550,"Integration
Quality
Objective
Refactoring (behavior)"
338295,openstack%2Fheat~master~Id8a5f4c7a6103d6cdb2e46bb3b489909e71e85c2,https://review.opendev.org/711746,Quality
601816,openstack%2Fkeystonemiddleware~master~I756b92dee310fab7678fa800a833d6b13fd7e50a,https://review.opendev.org/102403,"Integration
Quality
Objective"
54052,openstack%2Fnova~master~I36cf1d030627101d21cb143a8b900a1c78d19fca,https://review.opendev.org/640970,"Quality
Integration
Testing
Refactoring (separate)"
107833,openstack%2Fironic~master~I044dd2754fc0fcff0c8c7a1feaf2ddf492da1251,https://review.opendev.org/323190,"Quality
Testing
Objective"
78271,openstack%2Fpuppet-openstack-integration~master~If6a2324225e7988bb543807e2f5f93284a2deec7,https://review.opendev.org/511687,"Integration
Objective"
745078,openstack%2Fadjutant~master~I33381c1c65b28b69f6ffeb3d73b50be95ee30ba7,https://review.opendev.org/666774,"Integration
Quality"
77877,openstack%2Fmanila~master~I7de4ffb8f84a6003af7caf911d44aa62be401935,https://review.opendev.org/514185,"Quality
Integration"
11991,x%2Fpackstack~master~I661a58f396b5961fccb2166c6c84ee0fb062b594,https://review.opendev.org/130203,Integration
473093,openstack%2Fhorizon~master~Ia3942e4f639393ccf2f8659279492d605972b971,https://review.opendev.org/217020,Integration
316120,openstack%2Ftripleo-heat-templates~master~Ia4a29bdd2cd8e894bcc7c0078cf0f0ab0f97de0a,https://review.opendev.org/718552,"Integration
Testing"
,,,
107149,openstack%2Fpuppet-tripleo~master~I201763ffa349bf9c67228554d1b78e73075b7441,https://review.opendev.org/332069,Integration
22552,openstack%2Fhorizon~master~Ia0a79b9337d5610ba54cad4f459619972db3a174,https://review.opendev.org/86621,"Integration
Quality"
338862,openstack%2Fnova~master~I509e6e9dbc52f9715276247d8e8c5bb7683d2254,https://review.opendev.org/364687,"Quality
Integration
Testing"
88595,openstack%2Fneutron~master~Ice309b12ce2693627d8c9d69265fddf195c51161,https://review.opendev.org/458531,"Quality
Integration
Testing"
90441,openstack%2Fcinder~master~Ie264900757750d450702cb3da8d4d8bb29903fa4,https://review.opendev.org/445372,Integration
6281,openstack%2Frally~master~I8d60d36959ba608d7293c8ba13e3db57482edec5,https://review.opendev.org/148637,"Quality (decorator)
Integration
Testing"
102682,opendev%2Fpuppet-nodepool~master~I70d56828719ba5fe71cb73f77f185db8f6e5120e,https://review.opendev.org/358014,"Quality (builder)
Integration"
102725,openstack%2Fnova~master~I125e8fa06e7e095aca092d986947e8bd68c16914,https://review.opendev.org/356651,"Testing
Quality
Integration"
459835,openstack%2Fmagnum~master~I509fd24b3a6febd1b621321c380f38afdfaccec2,https://review.opendev.org/233527,"Quality
Integration"
21130,openstack%2Fswift~master~Id0a2c383d4b3e24cf09ba0ccfcee6384a0a06417,https://review.opendev.org/92643,"Testing
Quality
Integration
Management (activity)
Objective"
23958,openstack%2Fnova~master~I4eee7d0478f8e25c60e008798e9db940565cd27a,https://review.opendev.org/81698,"Integration
Refactoring (behavior)
Testing
Objective"
128157,openstack%2Fnova~master~Ibd43aaa7075fa0f53207719423e4529a5b13db7d,https://review.opendev.org/238466,"Quality
Testing
Integration
Management (idle)"
500140,openstack%2Fopenstacksdk~master~I317677eeb82baa57c809df1df84e0afc6d403364,https://review.opendev.org/195320,"Quality
Integration"
139717,openstack%2Fglance-specs~master~I8d38cff5656878bbf573cc74900352ba4513e5c6,https://review.opendev.org/188050,"Quality
Testing
Objective"
56641,starlingx%2Finteg~master~I3aeb0e89466b818ac07acf5c15f1783ef9d92edf,https://review.opendev.org/633660,Integration
139885,openstack%2Ftaskflow~master~Ifcaf2a0d4e930d60dba6427837dc3f161109b357,https://review.opendev.org/187376,"Quality
Objective"
74296,openstack%2Frally~master~I3d26dbf4a3de8a0b873ad4a02d727e31a622503a,https://review.opendev.org/534381,Integration
5177,openstack%2Fneutron~stable%2Fjuno~I7dc2c03457cbb209c84584c2badffd12048e9617,https://review.opendev.org/156962,"Testing
Quality
Integration"
51154,openstack%2Ftripleo-quickstart~master~If9b2028b5a334a2dca054b7b17218e41afabd76d,https://review.opendev.org/667427,"Integration
Management"
129601,openstack%2Fnova~master~I8d9aaa02b91418b64d3d8a168095d274d2e66f8b,https://review.opendev.org/235637,"Testing
Integration
Objective"
512172,openstack%2Fironic~master~I7b1b1d8b45b947a7b5715f3c6ab49d84e84b6b90,https://review.opendev.org/184443,"Testing
Integration
Objective"
385983,openstack%2Fnetworking-odl~stable%2Fliberty~Ied94ab895b9ddef09baeba7ff7f6a9edc02bd4e3,https://review.opendev.org/311465,"Integration
Objective"
67354,openstack%2Fpython-tripleoclient~master~I5b772138d07006651c5b221591e1fcf6f775a731,https://review.opendev.org/571953,"Testing
Integration
Mangement"
324098,openstack%2Fnova~master~I1ac25de5698303488a82071deed884b443951dc0,https://review.opendev.org/395436,"Testing
Integration"
73683,openstack%2Ftripleo-quickstart~master~I71789bff2f63654f2363b66ad6e271efb0b20817,https://review.opendev.org/539525,"Integration
Objective"
103911,openstack%2Fmurano-apps~master~I89f6ffaf893d4365b58ba5e80b2c78e157922da1,https://review.opendev.org/354745,Refactoring
415250,openstack%2Fnova~master~I96e8e0682bcc642a2a5c4b7d2851812bef60d2ff,https://review.opendev.org/281134,"Integration
Testing"
67383,openstack%2Ftripleo-ci~master~I9c0658e6f103911bc62e9b3b78e369e6b4be4d23,https://review.opendev.org/572027,"Integration
Management (policy)"
7683,openstack%2Fcinder~master~I5d562dc85eb45c2db3f106b653e9e9ed942212bf,https://review.opendev.org/148920,"Integration
Testing"
7687,openstack%2Fcinder~master~Ie5fed49c0776176c9aee722c8e467dd760bf493a,https://review.opendev.org/148922,"Integration
Testing
Management"
116768,x%2Ffuel-plugin-contrail~master~Iad01731f85d63602001ecae7e67a9856b09e36a9,https://review.opendev.org/293167,"Integration
Objective"
123324,openstack%2Fnova~master~I753dc5a54c1ec17c6e7dd76ef270c5d485b74ca3,https://review.opendev.org/262939,"Quality
Testing
Integration
Objective
Management"
427141,openstack%2Fhorizon~master~If0bd24540562b8f1330ac6cb7db5f1d354e1d1b7,https://review.opendev.org/708069,"Testing
Integration
Objective"
73006,openstack%2Fhorizon~master~I88bc057d2e34e2a683b0c494530b19c8d560cd86,https://review.opendev.org/543829,Integration
103813,openstack%2Fcinder~master~I10d56eb260d39761411eb3c4a7c30329fd3e22bb,https://review.opendev.org/356194,Integration
331057,openstack%2Fkeystone~master~I49c7c9d2732675b87c58c9460671dfe13969fd34,https://review.opendev.org/387710,Integration
112993,openstack%2Fglance-specs~master~Id89517ff6962350e5cb1a6bd95cd68cc5ebf4c31,https://review.opendev.org/311871,"Integration
Management
Objective"
351922,opendev%2Fsystem-config~master~Ife7722aa2f47c6ae4ebfd2db24a15453e987caf1,https://review.opendev.org/354203,Integration
765647,openstack%2Fnova~master~I220a4f9337d355a76596208cf7b96113dd34a8ea,https://review.opendev.org/641453,"Testing
Integration"
572823,openstack%2Fnova~master~I7b256fe3e2f0d55e654a1bbf7cdf423420e72294,https://review.opendev.org/135020,"Quality
Testing
Integration"
331719,openstack%2Fkeystone~master~Id1452db131740c68b3756a819792f9a60cff239c,https://review.opendev.org/387161,"Quality
Integration
Motivation"
1726,openstack%2Fneutron-specs~master~Ib7d50aa71ed2c482030ea48cd2ed4434fa5744a9,https://review.opendev.org/177108,"Integration
Objective
Refactoring (behavior)
Quality
Management"
35086,openstack%2Fpython-neutronclient~master~I5a890e944c1788fb815fb7b27c86368bab455eb3,https://review.opendev.org/41615,"Testing
Quality
Integration"
127768,x%2Fcisco-ironic-contrib~master~I39ff73f677ada00e6b0760e8e55f8c86bf1c34ce,https://review.opendev.org/245913,Refactoring
517531,openstack%2Foslo.db~master~I97ef5bad215abe60d92c3fda4474c48ccb13eab0,https://review.opendev.org/184328,"Testing
Quality (documentation)
Integration"
121942,openstack%2Ffuel-specs~master~Ide0f45f180e07e5deb9023cd6bda3e01afe31ab9,https://review.opendev.org/275863,Testing
343129,openstack%2Frally~master~I8aecd5bad319aa61d5f8a20a2c2fe9bacdc0e81a,https://review.opendev.org/370040,"Integration
Quality"
142854,openstack%2Fhorizon~master~I9a3ebb1d06d257b7b584adc556ec2872a01136d3,https://review.opendev.org/179545,"Quality (formalisms)
Integration
Objective
Testing
Management (TEAM)"
83588,x%2Fmixmatch~master~I43925868044d32b665d401c53a284a803f726c8a,https://review.opendev.org/491891,"Integrtion
Refactoring (not needed)
Management (team)"
49817,openstack%2Fopenstack-helm-infra~master~I86463ac464ba82c3adb5e5e14bedfd3765b7e94a,https://review.opendev.org/679536,"Integration
Testing
Objective"
118180,x%2Fpython-oneviewclient~master~I859587dc7edc8e62bcc35a20cbe5389bd1393976,https://review.opendev.org/294334,Integration
135410,openstack%2Fkeystone~master~Id152f91c72318e751519ba57874c487a217ba815,https://review.opendev.org/217535,"Testing (about openstack)
Integration
Quality"
137663,openstack%2Fopenstack-ansible-os_neutron~master~Ie5f65603b36fa85d3ce2bd849029a3ffcaf3afda,https://review.opendev.org/704760,Integration
4027,openstack%2Fbarbican~master~I2fd460298a0c6405a7e3091880d3602655ce3eb3,https://review.opendev.org/171023,"Testing
Integration"
273429,x%2Fbrowbeat~master~I1ca067b3998d5096a290153e5c09b5602ae48012,https://review.opendev.org/474217,"Testing 
Integration"
22400,openstack%2Fnova~master~Ib161fc242889903045b862601ab92aa31f95826a,https://review.opendev.org/95045,"Testing 
Integration"
614795,openstack%2Fceilometer~master~Iaedee8d6be6b58147413295b39d8d8b152caa39a,https://review.opendev.org/101134,"Testing 
Integration
Quality"
100342,opendev%2Fsystem-config~master~I82a09f6a7f92501dd3818f939db637526c77753e,https://review.opendev.org/394556,Refactoring
139194,openstack%2Ffreezer~master~Ic587aa1ec26fb88632e69c73a195f1c1fc484344,https://review.opendev.org/203376,Integration
141412,openstack%2Fneutron~master~Ic119d14e4d6a2d6d04c4288b9b0242475adf55d6,https://review.opendev.org/189686,"Testing
Integration
Quality"
110572,openstack%2Fneutron~master~I4b52ebed6ae6fe568a0d725e08fcdb2c819341f2,https://review.opendev.org/716773,"Testing 
Integration"
440345,openstack%2Fnova~master~I8c2f6e7199d97b77526a9ffefe5ad743c582dc1c,https://review.opendev.org/268994,"Testing 
Integration"
65182,openstack%2Ffreezer-api~master~I53961a751d6e735eaf5e007c8079448e669307e9,https://review.opendev.org/591783,"Quality
Integration"
769463,openstack%2Fnova~master~Ice6d5b4757134b7d1b36514744a8f958528a6a47,https://review.opendev.org/642183,"Integration
Testing"
1721,openstack%2Fneutron-specs~master~I89129c507d6b55b3c1546b522800661c22222a03,https://review.opendev.org/184215,"Quality
Objective
Management (team)"
86929,openstack%2Fvitrage~master~I870b05da16eef57f58dd9d08d462cd7e1a6cac6f,https://review.opendev.org/476404,"Objective
Quality
Testing
Integration"
68948,openstack%2Fsahara~master~I99eb7cbf0483699c22884d655621638de0ba0762,https://review.opendev.org/572737,"Quality
Testing"
875,openstack%2Ftripleo-common~stable%2Fussuri~I072edaf232004a6118b956614490460efb40fbfc,https://review.opendev.org/761787,Integration
119703,opendev%2Fpuppet-gerrit~master~Ib9c023408743c3103f053f617a1a5459d2ee2a78,https://review.opendev.org/294728,Integration
362471,openstack%2Fneutron-lib~master~I7794393b8927220255eb4e033f7409794e39c666,https://review.opendev.org/355773,"Objective
Quality
Integration"
14049,openstack%2Foslo.config~master~Id2e194fbdf7310c3cf704f1a1b96f07292420d3b,https://review.opendev.org/134671,"Integration
Quality"
21553,openstack%2Ftempest~master~I2b01c61162e1b079f518387dbfb56b6ec880797b,https://review.opendev.org/101072,"Integration
Testing"
334555,openstack%2Fnova~master~I08278c10104786a12835ab64a3602503901285bc,https://review.opendev.org/394738,"Testing
Integration
Quality"
355355,x%2Fcloudbase-init~master~I855899f6163465dfc2974047efb0dfd290a617ef,https://review.opendev.org/365914,"Testing
Integration 
Quality"
486601,openstack%2Ffuel-library~master~Ifd5813c657031cdd7b86368cd971742483a5b8a1,https://review.opendev.org/224857,"Testing
Integration
Quality"
114279,openstack%2Ftacker~master~Iac9810f37a992f93a944d8ae76c849bcae1bd637,https://review.opendev.org/320546,"Testing
Integration
Management (Idle)"
256099,openstack%2Fcinder~master~Idff127801da9e286a6b634594e5577eeb9782571,https://review.opendev.org/502473,"Testing
Quality (doc)
Integration"
62155,openstack%2Fneutron-tempest-plugin~master~I6eb5e451da2ffb1915c44dcc2354978e56321e4e,https://review.opendev.org/614461,"Testing
Integration
Quality"
61797,openstack%2Fopenstack-helm-infra~master~I5305ef03f817f84f2b8993c04146d207b0b357e6,https://review.opendev.org/616678,"Integration
Management (idle)"
99432,openstack%2Ftripleo-quickstart-extras~master~I6267fe9448ed464c0b2acdcaa79cd5848402bece,https://review.opendev.org/729601,"Quality
Refactoring"
445240,x%2Fciwatch~feature%2Funit-tests~I73737221e371a1d164493b3de0a4a7bb2d9c5c3a,https://review.opendev.org/267980,Integration
53885,openstack%2Fpuppet-tripleo~master~Ie955632b0597f0fd4116662fde69d46dc04813cf,https://review.opendev.org/661377,"Quality
Integration
Management (idle)"
399653,openstack%2Fpython-tackerclient~master~I7e42494b96f1e54f5f04534d3b453422ea1bf4ef,https://review.opendev.org/313165,"Testing
Integration
Quality"
430719,openstack%2Fcinder~master~I1b5d5155306c39c528af4037a5f54cf3d4dc1ffa,https://review.opendev.org/285469,"Quality
Integration
Testing"
228065,openstack%2Fnova~master~I318b9118c97d7bf2b61bc45698443e8d0255ff6f,https://review.opendev.org/533804,"Integration
Testing
Objective"
387267,x%2Fooi~master~Icb18827d448df98c482aad98007b09aa9d6232cc,https://review.opendev.org/328950,"Integration
Testing"
123517,openstack%2Fglance~master~I7b374b9f80ce129e8b2fd8537eedddb27dd432ed,https://review.opendev.org/279144,Integration
111284,openstack%2Fnova~master~I4bc891ad7d066aa500d90a1da80f8318ecdf36cd,https://review.opendev.org/336284,"Testing
Integration
Objective"
634871,openstack%2Fneutron~master~I44251db399cd73390a9d1931a7f253662002ba10,https://review.opendev.org/82775,"Testing
Integration
Quality
Objective"
81299,openstack%2Fpuppet-ceilometer~master~I838e73ebb31db2bee6150e54a2812cc9e058cd15,https://review.opendev.org/511691,Integration
35140,openstack%2Fpython-neutronclient~master~Ibaff8703104c7e1017a2c9b87f72c51af2024305,https://review.opendev.org/47292,"Integration
Objective
Testing"
762379,openstack%2Fnova~master~I6bc73e8c8f98d9955f33f309beb8a7c56981b553,https://review.opendev.org/656500,"Testing
Integration
Objective
Refactoring (behavior)"
120554,openstack%2Fnova~master~I55d961170cc1d441eeb287de7d33b4a4ef0cb53f,https://review.opendev.org/293991,"Quality
Testing
Integration"
1695,openstack%2Fmurano-deployment~master~I8555879f1c008fca72da1a42191b55718d56b942,https://review.opendev.org/187577,"Integration
Management (TEAM)"
109009,openstack%2Fhorizon~master~I48a91f1765335927e55a25c56de62494628fad7d,https://review.opendev.org/348416,"Integration
Objective"
62157,openstack%2Fneutron-tempest-plugin~master~I60724abdbe4ffe9fbfa307f147f23ed648ac41b3,https://review.opendev.org/615813,"Integration
Testing"
505460,openstack%2Ftrove~master~I9605ea30d3b8e5ced532394bbdbccd6ac3747721,https://review.opendev.org/210170,"Testing
Quality (smell)
Objective
Integration"
73958,openstack%2Fzun~master~I0a1eef7e6a37e0ed6695b67095e831e4c418798b,https://review.opendev.org/554068,Integration
584980,openstack%2Fnova~master~Ic2dfbc0d2ccf7a1f71929b78d7c7d784a2f8b7f5,https://review.opendev.org/133665,"Testing
Quality
Integration"
123872,openstack%2Fnova~master~I1a4774c79162c7ca2b09f3386aefa65c01926842,https://review.opendev.org/280013,"Quality
Integration
Testing"
,,,
26159,openstack%2Ftempest~master~I5711edfd563d55a86238291edc127c0a062dbbf3,https://review.opendev.org/82709,"Quality
Integration"
491693,openstack%2Fos-win~master~Ia937399c999d7293799a864a322323e3d2efc123,https://review.opendev.org/224372,"Quality 
Integration"
72649,openstack%2Fswift~master~I0210a99b7f0774180937b6f8f435505b6ee151a8,https://review.opendev.org/560701,"Integration
Testing
Objective"
601825,openstack%2Fkeystonemiddleware~master~Ibc657bba234f480f0b4a051819768f413b7cafc5,https://review.opendev.org/122281,"Objective
Integration
Testing
Quality
Refactoring (behavior)"
115264,openstack%2Fneutron~master~I5d94cc7bf4e7f80187a06bc5ba75079e876ef5ce,https://review.opendev.org/319957,"Integration
Testing
Objective
Quality"
93334,openstack%2Fswift~master~I09779a3b6187e1c00d30651c14c2dde69edf0ec7,https://review.opendev.org/451896,"Testing
Integration"
33650,openstack%2Fswift~master~Ib88ee8f3aa9d1915eb115b6d4982bd8c4270db60,https://review.opendev.org/51242,Quality
13137,openstack%2Fneutron~master~I1b043b36c313ee8e543973bbeb992b319a003bbe,https://review.opendev.org/142973,"Integration
Testing"
38039,openstack%2Fglance~master~I9086b474facbd2400341bcef6eccceac01174db1,https://review.opendev.org/36666,"Testing
Integration
Quality
Objective"
105765,openstack%2Fhorizon~master~Ide93dced9fdd11ed20cdc0713c6a150aeebaa236,https://review.opendev.org/372312,"Quality
Objective
Integration"
253080,openstack%2Ftripleo-ui~master~Idde3e1e44b53684a8880768c55777df54ad8b66a,https://review.opendev.org/509778,Integration
96673,x%2Fpython-oneviewclient~master~I9ae6f076c63a97d549dfc35efd6f8e26311b0590,https://review.opendev.org/431707,Integration
745076,openstack%2Fadjutant~master~Idc5c3bf3facc44bb615fa4006d417d6f48a16ddc,https://review.opendev.org/681643,"Integration
Objective"
165792,openstack%2Fopenstack-ansible-openstack_hosts~master~I123f02ea6804a0dbf3b9d5d576e1f3756d3b9a12,https://review.opendev.org/615335,Testing
75107,openstack%2Fzun~master~I8c20b314ea8be06384f67f7ae35ece5df26510df,https://review.opendev.org/549401,Integration
746437,openstack%2Fcinder~master~Ic57c1562617da849ada82cefb0acb30f07eee690,https://review.opendev.org/679594,Integration
109337,openstack%2Ftrove~master~I5277c107ae95b16d3fc555dbdbb4c167c8836fc8,https://review.opendev.org/349713,"Testing
Integration
Objective
Quality"
434956,openstack%2Fcinder~master~I5c453dcb5c38301721c3017ba8e782c0fdf850e6,https://review.opendev.org/286598,"Integration
Testing
Quality (decorator)
Objective"
53551,openstack%2Fmagnum~master~Ie3e863440d73414224bb7dbb1ab05a5bcf0b74b1,https://review.opendev.org/666722,"Quality
Integration
Testing"
170665,openstack%2Fcinder~master~Ic9e14429f1f5958725ab661b7d6639fc1ffae84a,https://review.opendev.org/611791,"Integration
Testing
Objective
Quality"
13524,openstack%2Fnova~master~I1b099c685dbc45f2ae172b3c34d412cd9dcde4b6,https://review.opendev.org/142706,"Testing
Integration"
357655,openstack%2Fcinder~master~I208d291cd2e8ad7cdc2b62165eb1ac41292b8272,https://review.opendev.org/374520,"Quality
Integration"
177049,openstack%2Foctavia~master~I0eaae7b60333d2e720acc9570a0d398a06be46e5,https://review.opendev.org/604479,Integration
757785,openstack%2Fmanila~master~I6f7483c35ac0af644a77b18a449480367a8c100c,https://review.opendev.org/664269,"Integration
Objective
Testing
Quality"
259985,x%2Fos-log-merger~master~I264cf20933e8af007556efd7a36639f854460f49,https://review.opendev.org/505738,Integration
19755,openstack%2Fnova~master~I8165819f6568c35192d27726ca5433f6940bafe2,https://review.opendev.org/118677,"Quality
Testing"
699788,openstack%2Fcyborg~master~I783c3d0d257c16bf6c92c118f7b16f7f180f7026,https://review.opendev.org/696089,"Testing
Quality (Technical Debt)"
546503,openstack%2Frally~master~Ie40373fda63ef79f64a211887021ce0e0e8d9d24,https://review.opendev.org/172967,"Integration
Quality
Testing"
510472,zuul%2Fzuul~master~Ia935776ae8ccfa8d044a134e1507e4d2e582fbe0,https://review.opendev.org/710034,"Quality
Integration
Testing"
649424,openstack%2Fpython-openstackclient~master~I4ced6df4b76f018d01000d28b4281ad9f252ffcc,https://review.opendev.org/69878,"Integration
Objective
Quality"
549893,openstack%2Fdesignate~master~I8d67cebeecc8261e715849aefeafd20f0d60d304,https://review.opendev.org/170612,"Integration
Testing
Objective
Quality"
448043,openstack%2Fopenstack-ansible-pip_install~master~Ic6583c54976b6fb083d9c67d055897c15bce05dc,https://review.opendev.org/274407,"Quality
Integration"
134921,openstack%2Ffuel-web~master~I4b7bae185e8b873ef32b397cde4b7f640ffed24c,https://review.opendev.org/237641,"Integration
Testing
Quality"
554646,openstack%2Foctavia~master~I04cb2f1f10ec566298834f81df0cf8b100ca916c,https://review.opendev.org/705317,"Quality
Integration
Testing
Objective"
137373,openstack%2Fkeystonemiddleware~master~I6b935fa3234500b5b4a7865b26f21e7eb976b716,https://review.opendev.org/223291,"Integration
Refactoring (behavior)
Quality (Technical Debt TODO)
Testing
Objective
"
413751,openstack%2Fceilometer~master~I8604d00c9298f56009c579fd23adc2c93ad44f8c,https://review.opendev.org/311081,Integration
618029,openstack%2Fnova~master~Ic281d7548dfe6b2f65290f687ea0ca694db1a4d0,https://review.opendev.org/107177,"Objective
Integration
Testing
"
135262,openstack%2Ffuel-library~master~I137d625fca65d520a2dd6159d8fc572b142d9d63,https://review.opendev.org/235809,"Integration
Testing"
381078,openstack%2Fneutron~master~Ie8c6023b2d012eae7ecdb99d5d413956608f4294,https://review.opendev.org/345592,"Integration
Testing"
302950,openstack%2Fhorizon~master~Id42b311242b66ee25e8870ed86e45b5464e19c01,https://review.opendev.org/451620,"Integration
Quality"
61856,x%2Fiotronic-lightning-rod~master~I3f341148294230af9d1e1943c5186fec1c7b18db,https://review.opendev.org/623030,Refactoring
49419,openstack%2Fneutron~master~I1556b555547add000fda9548f0fd62278bc27d9b,https://review.opendev.org/764429,Integration
463355,openstack%2Fnova~master~Ibd0542c86f573a397bbbe658fb4c5723f964ded9,https://review.opendev.org/260980,"Integration
Testing"
11065,openstack%2Fcongress~master~I1c34c71f33dc5586aefa1244ecee741f0b866474,https://review.opendev.org/153161,"Testing
Integration
Refactoring"
240291,recordsansible%2Fansible-role-ara~master~I25c92b2b38125826087957fb8ce9320641cf86f0,https://review.opendev.org/526786,Quality
24515,openstack%2Ffuel-web~master~I0156f113f630c89891cd6c06ce1d32ee594a08fa,https://review.opendev.org/95456,Integration
320545,openstack%2Fdragonflow~master~Ia52f3e49b077090fb6d6264628a10bc4af93c664,https://review.opendev.org/428056,"Objective
Integration
Quality"
334403,openstack%2Fneutron~master~I5b804e09e630d88d551271d9731cc1f65c065259,https://review.opendev.org/409556,"Integration
Testing"
56135,airship%2Fshipyard~master~I13b5775f6f770c4de6a65cfad36409f8554afb7b,https://review.opendev.org/656578,"Quality
Testing
Objective"
117988,openstack%2Fcinder~master~I7de0e435e4bc5ef040d1209762b816c61330c76e,https://review.opendev.org/315541,"Quality
Refactorign (behavior)
Objective
Integration"
111827,openstack%2Fnova~master~Ie6cb71ccd138ab7b5e1f535de92f4231cdb2b59b,https://review.opendev.org/344990,"Testing
Integration
Quality
Objective"
286042,openstack%2Fironic-inspector~master~If83db978080b9c4e5d51ba50bbe8ed26e29abe83,https://review.opendev.org/471831,"Integration
Objective
Quality
Testing"
120599,openstack%2Fhorizon~master~I375652a697f68e1f575546f3c0381bd71dd3dd15,https://review.opendev.org/304999,Integration
38455,openstack%2Fglance~master~If4bcbe5aa0749fc8abc41e218c001dc5b188b816,https://review.opendev.org/37438,Quality
132941,openstack%2Ffuel-web~master~I01d8218e071723e00a14450c738f93e9b4d6cf91,https://review.opendev.org/247356,Integration
101432,openstack%2Fdevstack-plugin-kafka~master~I8492889b991cef9ed86f439ac23cea9b67767d34,https://review.opendev.org/405133,Integration
131194,openstack%2Fcinder~master~I5cab11a2b2d272503b8a57793dd86477e787eedb,https://review.opendev.org/255239,"Quality
Integration
Testing
Objective"
421004,opendev%2Fgit-review~master~I554b4aa4f07fe4230c11d3ae62a77acbd66e7d84,https://review.opendev.org/308476,"Testing
Integration"
383927,openstack%2Fneutron~master~I8bae1facc58a4f9e21196f625478532403651545,https://review.opendev.org/346162,"Integration
Testing
Objective"
128432,openstack%2Ftripleo-common~master~I181f6173f8ba45e91b8d6c1a013d5e7bc67e3aaf,https://review.opendev.org/267144,Integration
23518,openstack%2Fcinder-specs~master~I20e441ac95cd466ddedb703496beb66fc43f4e70,https://review.opendev.org/103530,"Testing
Objective"
274940,zuul%2Fnodepool~feature%2Fzuulv3~I20319aa660ebf5fbe8df5d6af1d77028e1b18350,https://review.opendev.org/488384,"Integration
Objective"
491986,openstack%2Ffuel-library~master~Ic4bcecdbc05f6306be63dea211df96a104cb2d36,https://review.opendev.org/233365,"Testing
Integration
Quality"
533155,opendev%2Fpuppet-kibana~master~I93a4b0f103b4259f356e93fe025e0a649c79b75b,https://review.opendev.org/188906,Integration
18113,openstack%2Ffuel-library~master~I0e623f4576d57a5c2c2d28509346a597cd7d97e2,https://review.opendev.org/126364,Integration
19583,openstack%2Fneutron~master~I64ba630997841b2dddc4535fdd464bc15dd38b77,https://review.opendev.org/122560,"Testing
Objective
Quality
Integration"
353903,openstack%2Fglance~master~I094ee44ef86f7e7eb2353f801d5aef77391c95ff,https://review.opendev.org/387660,"Quality
Integration"
557705,openstack%2Fironic~master~Ie96c02709200bd50f56458079e27b1f1daa60081,https://review.opendev.org/166513,"Integration
Testing
Objective
Quality
Management (TEAM)
Refactoring (behavior)"
23517,openstack%2Fcinder-specs~master~I029313cde65c0700cf714278fcbb99d64da69fc7,https://review.opendev.org/104478,Objective
132971,openstack%2Ffuel-library~master~Ide1068ca0c8bab0beb2750f0a5151855d6ae5f9d,https://review.opendev.org/249681,"Integration
Objective"
607323,openstack%2Fdevstack-gate~master~I84d2fd66265c8e2e77faf16ce03e92790f2f51b8,https://review.opendev.org/123578,"Quality
Testing
Refactoring (behavior)"
109557,openstack%2Fneutron-lib~master~I37444e4768d4e932e17cbdd5204307814f26697d,https://review.opendev.org/357048,"Integration
Objective
Quality"
123335,opendev%2Fpuppet-storyboard~master~Ic09a88b3e9c6b77bebf40fe296755cf9abe0cb9c,https://review.opendev.org/295372,"Objective
Quality"
404521,openstack%2Fnova~stable%2Fmitaka~I96e8e0682bcc642a2a5c4b7d2851812bef60d2ff,https://review.opendev.org/322681,"Integration
Testing"
13933,openstack%2Fpuppet-keystone~master~I5c082c7e374d53226e312d83a97afb318b481cc7,https://review.opendev.org/144537,"Objective
Testing
Integration"
96103,openstack%2Fnova~master~Ic52103a1ff30710cf2f7ab732935c0c741220494,https://review.opendev.org/446122,"Testing
Integration"
66784,x%2Ftobiko~master~Ife0739127d407b39fa8124af4f851d5e9f2bc356,https://review.opendev.org/600047,"Quality
Testing
Integration"
22603,openstack%2Ftempest~master~I8be2f4bec5eb4cdf0efcbbd26ce090501b8e8c30,https://review.opendev.org/106916,"Testing
Quality
Integration"
108628,openstack%2Ffuel-library~master~I402882a843e904ecc78ef8b010374431d5e5d90e,https://review.opendev.org/366943,Integration
383915,openstack%2Fneutron~master~I4ae842c6cfd62edad9a1d435ffad6bec760a2809,https://review.opendev.org/348513,Integration
128122,openstack%2Fnova~master~I444c596efdf926c62b64fdfddaee4791ad267434,https://review.opendev.org/271458,"Testing
Integration"
369473,x%2Fbrowbeat~master~Icf7208f230cbe727d525b6cb090e82c4f19d6985,https://review.opendev.org/370362,"Quality
Objective
Integration
Testing"
24725,opendev%2Fyaml2ical~master~I99a70736574f20634e25ed0600be7d0ef990e7fb,https://review.opendev.org/97038,Integration
661760,opendev%2Fpypi-mirror~master~Ia0fe43e1f44704d5d93235ceadfcf74d00aa190b,https://review.opendev.org/59961,Refactoring
,,,
,,,
,,,
,,,
,,,
,,,
,,,
,,,
,,,
,,,
,,,
,,,
,,,
,,,
,,,
,,,
,,,
,,,
,,,
,,,
,,,
,,,
,,,
,,,
,,,
,,,
,,,
,,,
,,,
,,,
,,,
,,,
,,,
,,,
,,,
,,,
,,,
,,,
,,,
,,,
,,,
,,,
,,,
,,,
,,,
,,,
,,,
,,,
,,,
,,,
,,,
,,,
,,,
,,,
,,,
,,,
,,,
,,,
,,,
,,,
,,,
,,,
,,,
,,,
,,,
,,,
,,,
,,,
,,,
,,,
,,,
,,,
,,,
,,,
,,,
,,,
,,,
,,,
,,,
,,,
,,,
,,,
,,,
,,,
,,,
,,,
,,,
,,,
,,,
,,,
,,,
,,,
,,,
,,,
,,,
,,,
,,,
,,,
,,,
,,,
,,,
,,,
,,,
,,,
,,,
,,,
,,,
,,,
,,,
,,,
,,,
,,,
,,,
,,,
,,,
,,,
,,,
,,,
,,,
,,,
,,,
,,,
,,,
,,,
,,,
,,,
,,,
,,,
,,,
,,,
,,,
,,,
,,,
,,,
,,,
,,,
,,,
,,,
,,,
,,,
,,,
,,,
,,,
,,,
,,,
,,,
,,,
,,,
,,,
,,,
,,,
,,,
,,,
,,,
,,,
,,,
,,,
,,,
,,,
,,,
,,,
,,,
,,,
,,,
,,,
,,,
,,,
,,,
,,,
,,,
,,,
,,,
,,,
,,,
,,,
,,,
,,,
,,,
,,,
,,,
,,,
,,,
,,,
,,,
,,,
,,,
,,,
,,,
,,,
,,,
,,,
,,,
,,,
,,,
,,,
,,,
,,,
,,,
,,,
,,,
,,,
,,,
,,,
,,,
,,,
,,,
,,,
,,,
,,,
,,,
,,,
,,,
,,,
,,,
,,,
,,,
,,,
,,,
,,,
,,,
,,,
,,,
,,,
,,,
,,,
,,,
,,,
,,,
,,,
,,,
,,,
,,,
,,,
,,,
,,,
,,,
,,,
,,,
,,,
,,,
,,,
,,,
,,,
,,,
,,,
,,,
,,,
,,,
,,,
,,,
,,,
,,,
,,,
,,,
,,,
,,,
,,,
,,,
,,,
,,,
,,,
,,,
,,,
,,,
,,,
,,,
,,,
,,,
,,,
,,,
,,,
,,,
,,,
,,,
,,,
,,,
,,,
,,,
,,,
,,,
,,,
,,,
,,,
,,,
,,,
,,,
,,,
,,,
,,,
,,,
,,,
,,,
,,,
,,,
,,,
,,,
,,,
,,,
,,,
,,,
,,,
,,,
,,,
,,,
,,,
,,,
,,,
,,,
,,,
,,,
,,,
,,,
,,,
,,,
,,,
,,,
,,,
,,,
,,,
,,,
,,,
,,,
,,,
,,,
,,,
,,,
,,,
,,,
,,,
,,,
,,,
,,,
,,,
,,,
,,,
,,,
,,,
,,,
,,,
,,,
,,,
,,,
,,,
,,,
,,,
,,,
,,,
,,,
,,,
,,,
,,,
,,,
,,,
,,,
,,,
,,,
,,,
,,,
,,,
,,,
,,,
,,,
,,,
,,,
,,,
,,,
,,,
,,,
,,,
,,,
,,,
,,,
,,,
,,,
,,,
,,,
,,,
,,,
,,,
,,,
,,,
,,,
,,,
,,,
,,,
,,,
,,,
,,,
,,,
,,,
,,,
,,,
,,,
,,,
,,,
,,,
,,,
,,,
,,,
,,,
,,,
,,,
,,,
,,,
,,,
,,,
,,,
,,,
,,,
,,,
,,,
,,,
,,,
,,,
,,,
,,,
,,,
,,,
,,,
,,,
,,,
,,,
,,,
,,,
,,,
,,,
,,,
,,,
,,,
,,,
,,,
,,,
,,,
,,,
,,,
,,,
,,,
,,,
,,,
,,,
,,,
,,,
,,,
,,,
,,,
,,,
,,,
,,,
,,,
,,,
,,,
,,,
,,,
,,,
,,,
,,,
,,,
,,,
,,,
,,,
,,,
,,,
,,,
,,,
,,,
,,,
,,,
,,,
,,,
,,,
,,,
,,,
,,,
,,,
,,,
,,,
,,,
,,,
,,,
,,,
,,,
,,,
,,,
,,,
,,,
,,,
,,,
,,,
,,,
,,,
,,,
,,,
,,,
,,,
,,,
,,,
,,,
,,,
,,,
,,,
,,,
,,,
,,,
,,,
,,,
,,,
,,,
,,,
,,,
,,,
,,,
,,,
,,,
,,,
,,,
,,,
,,,
,,,
,,,
,,,
,,,
,,,
,,,
,,,
,,,
,,,
,,,
,,,
,,,
,,,
,,,
,,,
,,,
,,,
,,,
,,,
,,,
,,,
,,,
,,,
,,,
,,,
,,,
,,,
,,,
,,,
,,,
,,,
,,,
,,,
,,,
,,,
,,,
,,,
,,,
,,,
,,,
,,,
,,,
,,,
,,,
,,,
,,,
,,,
,,,
,,,
,,,
,,,
,,,
,,,
,,,
,,,
,,,
,,,
,,,
,,,
,,,
,,,
,,,
,,,
,,,
,,,
,,,
,,,
,,,
,,,
,,,
,,,
,,,
,,,
,,,
,,,
,,,
,,,
,,,
,,,
,,,
,,,
,,,
,,,
,,,
,,,
,,,
,,,
,,,
,,,
,,,
,,,
,,,
,,,
,,,
,,,
